city,name,category,street,full_address
חגור,"
משק אהרון- שמן זית 
",פרווה,הכלנית 74,"הכלנית 74, חגור"
מודיעין-מכבים-רעות,"
טנג'וי – TenJoy 
","חלבי, פרווה",חטיבת גולני 9,"חטיבת גולני 9, מודיעין-מכבים-רעות"
רעננה,"
טסה שוקולד בע""מ 
",,התעשייה 2,"התעשייה 2, רעננה"
חולון,"
פירות וירקות האחים סרור 
",פרווה,חנקין 70,"חנקין 70, חולון"
חולון,"
קצביית האחים סרור 
",בשרי,חנקין 69,"חנקין 69, חולון"
חולון,"
סופר מרקט סרור 
",,חנקין 79,"חנקין 79, חולון"
חולון,"
סופר האחים סרור 
",,חנקין 70,"חנקין 70, חולון"
ירושלים,"
הגורן 
",בשרי,ריבלין 1,"ריבלין 1, ירושלים"
גבעת שמואל,"
כריך בריא 
","בשרי, חלבי",ז'בוטינסקי 48,"ז'בוטינסקי 48, גבעת שמואל"
גבעת שמואל,"
טנג'וי  TenJoy 
",חלבי,מנחם בגין 30,"מנחם בגין 30, גבעת שמואל"
תל אביב יפו,"
בייקר סטריט / מר ג'רז 
",חלבי,בר כוכבא 48,"בר כוכבא 48, תל אביב יפו"
תל יצחק,"
טורטארט 
","חלבי, פרווה",תל יצחק,"תל יצחק, תל יצחק"
שדה בועז,"
הימלאיה צ'אי בר 
","חלבי, פרווה",שדה בועז,"שדה בועז, שדה בועז"
ירושלים,"
נופי ירושלים 
",בשרי,שחראי 24,"שחראי 24, ירושלים"
אשקלון,"
סבתא עזיזה 
",בשרי,הנשיא 4,"הנשיא 4, אשקלון"
ירושלים,"
מסעדת אמא קרית ענבים 
",בשרי,קרית ענבים פארק כרמים,"קרית ענבים פארק כרמים, ירושלים"
כפר סבא,"
באנבשר 
",בשרי,רוטשילד 45,"רוטשילד 45, כפר סבא"
הוד השרון,"
צ'ופ צ'ופ (אבסטרקט קייטרינג) 
",בשרי,נווה הדר,"נווה הדר, הוד השרון"
ירושלים,"
סיפתח פארק סן סימון 
",חלבי,מעלה זאב 3,"מעלה זאב 3, ירושלים"
ירושלים,"
סיפתח מרכז המוזיקה 
",חלבי,אליעזר הגדול 2,"אליעזר הגדול 2, ירושלים"
ירושלים,"
איצ'יקדנה קולינריה הודית אמיתית 
",חלבי,הלל 24,"הלל 24, ירושלים"
ירושלים,"
בראנצ' כריכים וארוחות- קפיטריה 
",חלבי,מנדי רודן 1,"מנדי רודן 1, ירושלים"
ירושלים,"
בראנצ' כריכים וארוחות 
","בשרי, חלבי","דרך בלפור 4, גבעת רם","דרך בלפור 4, גבעת רם, ירושלים"
תל אביב יפו,"
אבן עזרא 
",בשרי,המשביר 2,"המשביר 2, תל אביב יפו"
תל אביב יפו,"
די אן איי DNA 
",בשרי,דרך בגין 132,"דרך בגין 132, תל אביב יפו"
תל אביב יפו,"
קירש קפה 
","חלבי, פרווה",דיזנגוף 189,"דיזנגוף 189, תל אביב יפו"
גדיש,"
יופי מתוק 
","חלבי, פרווה",משק 1,"משק 1, גדיש"
תל אביב יפו,"
לארטיזן דה דליס – בית מאפה אלחרר 
","בשרי, חלבי, פרווה",בוגרשוב 31,"בוגרשוב 31, תל אביב יפו"
פרדס חנה,"
לאוון פטיסרי Leaven Patisserie 
","חלבי, פרווה",המושב 33,"המושב 33, פרדס חנה"
קרית טבעון,"
סקול קפה- אורט גרינברג חט""ב 
","בשרי, חלבי",תמר 1,"תמר 1, קרית טבעון"
קרית טבעון,"
סקול קפה – אורט גרינברג חט""ע 
","בשרי, חלבי",כצנלסון 1,"כצנלסון 1, קרית טבעון"
ירושלים,"
ארומה קינג ג'ורג' 
",חלבי,קינג ג'ורג' 14,"קינג ג'ורג' 14, ירושלים"
קרית אונו,"
בליך החזקות- קפיטריה בן צבי 
","בשרי, חלבי",הזמיר 2,"הזמיר 2, קרית אונו"
רמות מנשה,"
רק בשר 
",בשרי,רמות מנשה,"רמות מנשה, רמות מנשה"
אשקלון,"
יונה ושועל 
",בשרי,ההדרים 6,"ההדרים 6, אשקלון"
בת ים,"
מגדלי הים התיכון בת ים (פינלן קפיטל השקעות) 
",בשרי,הים 2,"הים 2, בת ים"
עכו,"
קריספי 
","בשרי, חלבי",דרך המכללה 1,"דרך המכללה 1, עכו"
נשר,"
שווארמה בכיכר 
",בשרי,ברק 2,"ברק 2, נשר"
נשר,"
סביחא 
",בשרי,ברק 2,"ברק 2, נשר"
ירושלים,"
בין עזה לברלין 
",בשרי,עזה 19,"עזה 19, ירושלים"
תל אביב יפו,"
קיטשן 94 
",בשרי,יגאל אלון 74,"יגאל אלון 74, תל אביב יפו"
נווה ימין,"
יקב נווה ימין 
",פרווה,הברוש 47,"הברוש 47, נווה ימין"
אשקלון,"
אלגרה ולאון 
",חלבי,הנמל 9,"הנמל 9, אשקלון"
בת ים,"
ארומה רוטשילד 
",חלבי,רוטשילד 29,"רוטשילד 29, בת ים"
תל אביב יפו,"
גרונימן גן ירק 
",חלבי,גרונימן 8,"גרונימן 8, תל אביב יפו"
תל אביב יפו,"
טאלי לאמה 
",פרווה,מנחם בגין 48,"מנחם בגין 48, תל אביב יפו"
תל אביב יפו,"
חוות נעמי 
","בשרי, חלבי",החשמונאים 107,"החשמונאים 107, תל אביב יפו"
מחניים,"
מבשלים ביחד 
",בשרי,"""יחד בגליל"" קיבוץ מחניים","""יחד בגליל"" קיבוץ מחניים, מחניים"
יסוד המעלה,"
פו בכיכר 
",בשרי,השמורה 1,"השמורה 1, יסוד המעלה"
ראש פינה,"
אוסול 
",פרווה,האגס 1,"האגס 1, ראש פינה"
יסוד המעלה,"
אוסול 
",פרווה,יסוד המעלה,"יסוד המעלה, יסוד המעלה"
נווה צוף,"
הבוסתן 
",פרווה,השקד 31,"השקד 31, נווה צוף"
פתח תקווה,"
בסט רנט 
","בשרי, חלבי",הסיבים 18,"הסיבים 18, פתח תקווה"
יהוד,"
חוות נעמי יהוד 
","בשרי, חלבי",משה דיין 3,"משה דיין 3, יהוד"
תל אביב יפו,"
אומאיי עזריאלי Oomai 
",בשרי,מנחם בגין 132,"מנחם בגין 132, תל אביב יפו"
נתניה,"
פלאפל ציון 
",בשרי,שמואל הנציב 6,"שמואל הנציב 6, נתניה"
אלפי מנשה,"
לה בנצ'טו 
",חלבי,גלבוע 83,"גלבוע 83, אלפי מנשה"
בנימינה,"
רון פטיסרי  RON Pâtisserie 
",חלבי,המייסדים 30,"המייסדים 30, בנימינה"
הרצליה,"
ליב 
",בשרי,משכית 32,"משכית 32, הרצליה"
חולון,"
מרלי ברקפה 
",חלבי,קראוזה 43,"קראוזה 43, חולון"
רמת גן,"
דלי טיים  DELI  TIME 
","בשרי, חלבי",רזיאל 26,"רזיאל 26, רמת גן"
תל אביב יפו,"
מוצ'יקווה 
",חלבי,בן יהודה 89,"בן יהודה 89, תל אביב יפו"
ירושלים,"
קובאלי 
","בשרי, פרווה",אברהם ארסט 11/10,"אברהם ארסט 11/10, ירושלים"
נס ציונה,"
פינובייקרי- בית קפה 
",חלבי,יקינטון 6,"יקינטון 6, נס ציונה"
באקה אל גרביה,"
רוג'ום אירועים יפים בטבע בע""מ 
","בשרי, חלבי",באקה אל גרביה,"באקה אל גרביה, באקה אל גרביה"
גני יוחנן,"
בושקראפט 69 
",בשרי,הרקפת 69,"הרקפת 69, גני יוחנן"
תל אביב יפו,"
גרציאני בהשכלה 
",חלבי,שדרות ההשכלה 20,"שדרות ההשכלה 20, תל אביב יפו"
ירושלים,"
בירה קדימה 
",פרווה,בית הדפוס 11,"בית הדפוס 11, ירושלים"
נס ציונה,"
מתוק התפוח 
",פרווה,ההדרים 11,"ההדרים 11, נס ציונה"
גדרה,"
מרכז הבשר 
",בשרי,אירוס 1,"אירוס 1, גדרה"
קרית עקרון,"
לומיטו מעדני בשר 
",בשרי,שדרות המלך חסן 6,"שדרות המלך חסן 6, קרית עקרון"
תל אביב יפו,"
מורן גיל קייקרי 
",חלבי,אלנבי 31,"אלנבי 31, תל אביב יפו"
גני תקווה,"
מגדלי הים התיכון- קפיטריה 
",חלבי,דרך הים 5,"דרך הים 5, גני תקווה"
לוד,"
שף סנטר- יונילוור 
","בשרי, חלבי",קרית שדה התעופה,"קרית שדה התעופה, לוד"
קרית מוצקין,"
קפה פלור 
",חלבי,שדרות משה גושן 6,"שדרות משה גושן 6, קרית מוצקין"
בת שלמה,"
משק לב אדם 
",חלבי,בת שלמה,"בת שלמה, בת שלמה"
באר שבע,"
טרה ג'ולי Très Jolie 
","חלבי, פרווה",ראובן רובין 3,"ראובן רובין 3, באר שבע"
באר שבע,"
רוסטרס באר שבע 
",חלבי,יעקב כהן 12,"יעקב כהן 12, באר שבע"
מודיעין מכבים רעות,"
רוסטרס מודיעין 
",חלבי,דם המכבים 55,"דם המכבים 55, מודיעין מכבים רעות"
תל אביב יפו,"
דדלוס 
",חלבי,נחלת יצחק 32,"נחלת יצחק 32, תל אביב יפו"
בני ציון,"
זוקו קייטרינג 
",בשרי,התלתן 7,"התלתן 7, בני ציון"
תל אביב יפו,"
פרי FREE 
",בשרי,אלוף קלמן מגן 3,"אלוף קלמן מגן 3, תל אביב יפו"
באר שבע,"
גלידה מרג'לטו 
","חלבי, פרווה",יוהנה ז'בוטינסקי 13,"יוהנה ז'בוטינסקי 13, באר שבע"
באר שבע,"
האיש עם השפם 
",חלבי,יעקב כהן 14,"יעקב כהן 14, באר שבע"
סתריה,"
מקרוני הפקות בע""מ 
",חלבי,סתריה,"סתריה, סתריה"
אור עקיבא,"
גרגרים 
",בשרי,שדרות הנשיא וייצמן 1,"שדרות הנשיא וייצמן 1, אור עקיבא"
תל אביב יפו,"
גביז גודיז בע""מ 
",חלבי,אלנבי 31,"אלנבי 31, תל אביב יפו"
שדה בוקר,"
יקב שדה בוקר 
",,שדה בוקר,"שדה בוקר, שדה בוקר"
ראש העין,"
דלי טופ  DELI TOP 
","בשרי, חלבי",שבזי 187,"שבזי 187, ראש העין"
פרדס חנה,"
המזווה בוטיק בשרים 
","בשרי, חלבי",המושב 42,"המושב 42, פרדס חנה"
תל אביב יפו,"
אילנס תל אביב   Tatti TLV 
",חלבי,קרליבך 4,"קרליבך 4, תל אביב יפו"
נחושה,"
תן טראק – תן truck 
",בשרי,נחושה,"נחושה, נחושה"
בן שמן,"
ירוק ובריא 
",,בן שמן,"בן שמן, בן שמן"
תל אביב יפו,"
דה פייסטרי בוקס  The Pastry Box 
","חלבי, פרווה","ריב""ל 7","ריב""ל 7, תל אביב יפו"
אשדוד,"
לה גוטא  Le Gouter 
",חלבי,אבא הלל סילבר 11,"אבא הלל סילבר 11, אשדוד"
תל אביב יפו,"
הסוכה נאות סמדר 
",חלבי,סלמה 6,"סלמה 6, תל אביב יפו"
לוטם,"
מחלבת שירת רועים 
",חלבי,א.ת לוטם משגב,"א.ת לוטם משגב, לוטם"
גני תקווה,"
מגדלי הים התיכון גני תקווה 
",בשרי,דרך הים 5,"דרך הים 5, גני תקווה"
ירושלים,"
אריק קפה בשכונה 
",חלבי,"הפלמ""ח 18","הפלמ""ח 18, ירושלים"
ירושלים,"
דולצ'ה קאסה – בית מתוק 
","חלבי, פרווה",אריה דולצ'ין 26,"אריה דולצ'ין 26, ירושלים"
תל אביב יפו,"
אלון שבו 
",חלבי,צ'לנוב 22,"צ'לנוב 22, תל אביב יפו"
תל אביב יפו,"
מזנון מישל עיתון הארץ 
","בשרי, חלבי",שוקן 21,"שוקן 21, תל אביב יפו"
ירושלים,"
רוסטרס בצלאל 
",חלבי,שמואל הנגיד 8,"שמואל הנגיד 8, ירושלים"
רחובות,"
ג'ייקוב JACOB 
",חלבי,יעקב 13,"יעקב 13, רחובות"
תל אביב יפו,"
באבאג'ים 
",בשרי,השלושה 11,"השלושה 11, תל אביב יפו"
תל אביב יפו,"
ספאגוס 
",חלבי,השרון 14,"השרון 14, תל אביב יפו"
ירושלים,"
שוקרייה -בית לתרבות קולינרית ירושלמית 
",חלבי,קינג ג'ורג' 37,"קינג ג'ורג' 37, ירושלים"
עפולה,"
תירס עפולה 
",חלבי,ויצמן 23,"ויצמן 23, עפולה"
היוגב,"
יקב היוגב 8 
",,משק 8,"משק 8, היוגב"
נווה דניאל,"
יקב רותם 
",פרווה,אלון מורא 413,"אלון מורא 413, נווה דניאל"
הרצליה,"
מארי פטיסרי 
",חלבי,בן גוריון 22,"בן גוריון 22, הרצליה"
תל אביב יפו,"
שניט 
",,הארבעה 12,"הארבעה 12, תל אביב יפו"
נתניה,"
סנשיין בנדיקט בייקרי 
",חלבי,דודו דותן 8,"דודו דותן 8, נתניה"
תל אביב יפו,"
דגים זלאיט 
","חלבי, פרווה",נחלת יצחק 16,"נחלת יצחק 16, תל אביב יפו"
תל מונד,"
מירו הדייג 
","בשרי, פרווה",השקד 2,"השקד 2, תל מונד"
רמת השרון,"
פלאפל הפעמונים 
","בשרי, פרווה",סוקולוב 72,"סוקולוב 72, רמת השרון"
תל אביב יפו,"
המקום של נעמה 
",חלבי,תמנע 20,"תמנע 20, תל אביב יפו"
בני ציון,"
זוקו קייטרינג 
",בשרי,התלתן 7,"התלתן 7, בני ציון"
נטור,"
יקב מיקה 
",,נטור,"נטור, נטור"
ירושלים,"
ליבא 
",חלבי,שץ 4,"שץ 4, ירושלים"
גינתון,"
יקב גינתון 
",פרווה,הזית 19,"הזית 19, גינתון"
תל אביב יפו,"
האריה והתרנגול 
",חלבי,"לח""י 66","לח""י 66, תל אביב יפו"
ירושלים,"
משק עפאים- מוזיאון ישראל 
",חלבי,שדרות רופין 11,"שדרות רופין 11, ירושלים"
אכזיב,"
מורגנפלד 
",בשרי,כביש 4 אכזיב,"כביש 4 אכזיב, אכזיב"
תל אביב יפו,"
הקוסם- שרונה 
",בשרי,אלוף קלמן מגן 3,"אלוף קלמן מגן 3, תל אביב יפו"
תל אביב יפו,"
הקוסם 
",בשרי,שלמה המלך 1,"שלמה המלך 1, תל אביב יפו"
לוד,"
מפגש 121 
","בשרי, חלבי","תחנת דור אלון נתב""ג","תחנת דור אלון נתב""ג, לוד"
ירושלים,"
ג'חנון בר מחנה יהודה 
",חלבי,האגוז 20,"האגוז 20, ירושלים"
תל אביב יפו,"
צ'וז יור קוקיז  Choose Your Cookies 
",חלבי,דיזנגוף 138,"דיזנגוף 138, תל אביב יפו"
תל אביב יפו,"
רוזמרין פיצה ביתית 
",חלבי,לינקולן 19,"לינקולן 19, תל אביב יפו"
חיפה,"
ארומה לב המפרץ 
",חלבי,"סינמול, שדרות ההסתדרות 55","סינמול, שדרות ההסתדרות 55, חיפה"
תלמי יחיאל,"
יקב שורר 
",,תלמי יחיאל 80,"תלמי יחיאל 80, תלמי יחיאל"
נתניה,"
הפינה המתוקה 
",חלבי,הגביש 4,"הגביש 4, נתניה"
עכו,"
מלון עכותיקה 
",חלבי,ההגנה,"ההגנה, עכו"
אשקלון,"
מטעמי השף אלון 
",בשרי,שלמה כהן 1,"שלמה כהן 1, אשקלון"
רחובות,"
פרדייז 
",חלבי,הרצל 219,"הרצל 219, רחובות"
תל אביב יפו,"
בזל בייקרי 
","חלבי, פרווה",בזל 34,"בזל 34, תל אביב יפו"
ירושלים,"
הדודאים 
","בשרי, חלבי","יצחק מודעי 1, בית הלוחם","יצחק מודעי 1, בית הלוחם, ירושלים"
בקוע,"
כרם ברק 
",פרווה,משק 46,"משק 46, בקוע"
חולון,"
כף קפה 
","חלבי, פרווה",שדרות ירושלים 214,"שדרות ירושלים 214, חולון"
תל אביב יפו,"
קופילי 
",חלבי,המסגר 6,"המסגר 6, תל אביב יפו"
תל אביב,"
נוטי בייקרי 
",חלבי,דיזנגוף 274,"דיזנגוף 274, תל אביב"
ירושלים,"
שוקא 
",בשרי,שילה 1,"שילה 1, ירושלים"
עפולה,"
לה צ'צ'ה 
",חלבי,קהילת ציון 20,"קהילת ציון 20, עפולה"
ירושלים,"
מזנון המשק 
",בשרי,דרך ברודסקי 1,"דרך ברודסקי 1, ירושלים"
"נתיב הל""ה","
הגן של איתן 
",פרווה,"נתיב הל""ה 1","נתיב הל""ה 1, נתיב הל""ה"
עפולה,"
קונדיטוריה הברמן 
","חלבי, פרווה",קהילת ציון 4,"קהילת ציון 4, עפולה"
ירושלים,"
קומקום 
",חלבי,בית לחם 23,"בית לחם 23, ירושלים"
הרצליה,"
המזווה בוטיק בשרים 
","בשרי, חלבי",אריק איינשטיין 3,"אריק איינשטיין 3, הרצליה"
הוד השרון,"
נולה 
","בשרי, חלבי",הרב רפאל ביטון 8,"הרב רפאל ביטון 8, הוד השרון"
יקום,"
מסטינג 
","בשרי, חלבי",פארק עסקים Greenwork,"פארק עסקים Greenwork, יקום"
תל מונד,"
מעדני עדן 
",בשרי,הדקל 52,"הדקל 52, תל מונד"
ירושלים,"
ביסטרו חלבי יודה 
",חלבי,ההגנה 21,"ההגנה 21, ירושלים"
רחובות,"
שייטל 
","בשרי, חלבי",פנחס בן דוד קפרא 1,"פנחס בן דוד קפרא 1, רחובות"
רמת השרון,"
אלין שוקולד 
",חלבי,המלכים 1,"המלכים 1, רמת השרון"
ירושלים,"
דוויני 
",בשרי,בית יעקב 6,"בית יעקב 6, ירושלים"
תל אביב יפו,"
בר בריאות 
",חלבי,הרכבת 4,"הרכבת 4, תל אביב יפו"
בת ים,"
רולדין 
",חלבי,יוספטל 92,"יוספטל 92, בת ים"
הוד השרון,"
גבינות המשק 
","בשרי, חלבי",סוקולוב 7,"סוקולוב 7, הוד השרון"
גני תקווה,"
רחלי'ז 
",חלבי,הגליל 78,"הגליל 78, גני תקווה"
באר שבע,"
ווישיי ישראל 
","בשרי, חלבי",הקוצר 3,"הקוצר 3, באר שבע"
תל אביב,"
איידוק AIDOC 
","בשרי, חלבי",עמינדב 3,"עמינדב 3, תל אביב"
ירושלים,"
הסעדה ומגדניה – משק עפאים 
",חלבי,מרכז ספיר בניין 3,"מרכז ספיר בניין 3, ירושלים"
ירושלים,"
טאקוס לואיס 
",בשרי,שלומציון המלכה 11,"שלומציון המלכה 11, ירושלים"
ראשון לציון,"
שווארמה סטריט 
",בשרי,רוטשילד 39,"רוטשילד 39, ראשון לציון"
תל אביב יפו,"
בריוש 
",חלבי,שארית ישראל 4,"שארית ישראל 4, תל אביב יפו"
מזכרת בתיה,"
רובידה Deli 
",חלבי,המייסדים 6,"המייסדים 6, מזכרת בתיה"
ירושלים,"
פלומינו Palomino 
",חלבי,קינג ג'ורג' 41,"קינג ג'ורג' 41, ירושלים"
קרית אונו,"
זוקו 
",בשרי,"קק""ל 5","קק""ל 5, קרית אונו"
ראשון לציון,"
קצביה סופר אשלים 
",בשרי,התזמורת 29,"התזמורת 29, ראשון לציון"
יבנה,"
פינובייקרי- מאפייה 
","חלבי, פרווה",חבצלת החוף 2,"חבצלת החוף 2, יבנה"
תל מונד,"
קצביה פמילי מרקט 
",בשרי,הדקל 47,"הדקל 47, תל מונד"
ירושלים,"
קדוש 
",חלבי,שלומציון המלכה 6,"שלומציון המלכה 6, ירושלים"
הרצליה,"
קובה גוטה 
",בשרי,המנופים 9,"המנופים 9, הרצליה"
ירושלים,"
ארומה – ארנה 
",חלבי,דרך דוד בנבנישתי 1,"דרך דוד בנבנישתי 1, ירושלים"
ירושלים,"
דוד לאור קיוסק 
",חלבי,גן גדעון,"גן גדעון, ירושלים"
רעננה,"
דולצ'ה 
",חלבי,המסגר 1,"המסגר 1, רעננה"
ירושלים,"
קזה KAZZE 
",חלבי,בצלאל 7,"בצלאל 7, ירושלים"
תל אביב יפו,"
לחם מחמצת 
",חלבי,בן יהודה 81,"בן יהודה 81, תל אביב יפו"
עמינדב,"
אוכל מהסרטים 
","בשרי, חלבי",מושב עמינדב,"מושב עמינדב, עמינדב"
כפר סבא,"
בית בכפר הדרים / כפר סבא 
","בשרי, חלבי",בן יהודה 71/77,"בן יהודה 71/77, כפר סבא"
הוד השרון,"
מסעדת עדן 
",בשרי,דרך רמתיים 52,"דרך רמתיים 52, הוד השרון"
יתד,"
אורגניקא גן ירק אורגני בע""מ 
",פרווה,משק 74,"משק 74, יתד"
רעננה,"
קאייה CAYA 
",חלבי,בורוכוב 5,"בורוכוב 5, רעננה"
ירושלים,"
סושי פלייס 
",פרווה,יואל משה סלומון 5,"יואל משה סלומון 5, ירושלים"
ראשון לציון,"
הפלאפל של רמלה 
","בשרי, פרווה",רוטשילד 47,"רוטשילד 47, ראשון לציון"
ירושלים,"
גוסטל שוקולד 
",חלבי,בית יעקב 2,"בית יעקב 2, ירושלים"
רעננה,"
חוות נעמי 
","בשרי, חלבי",המלאכה 18,"המלאכה 18, רעננה"
ירושלים,"
Stay Inn מלון סטיי אין 
","בשרי, חלבי",המלך ג'ורג' 21,"המלך ג'ורג' 21, ירושלים"
ירושלים,"
בניטוש 
",חלבי,הלני המלכה 7,"הלני המלכה 7, ירושלים"
תל אביב יפו,"
זוקה ZUCCA 
",חלבי,הרוגי מלכות 7,"הרוגי מלכות 7, תל אביב יפו"
ירושלים,"
ג'ירה 
",חלבי,הלני המלכה 7,"הלני המלכה 7, ירושלים"
רחובות,"
שף עמנואל 
",חלבי,דרך יבנה 46,"דרך יבנה 46, רחובות"
ירושלים,"
קאלו 
",חלבי,דרך בית לחם 31,"דרך בית לחם 31, ירושלים"
גדרה,"
יקב כהנוב 
",פרווה,גדרה,"גדרה, גדרה"
רמת גן,"
קפה גבע GEVA 
",חלבי,בן גוריון 259,"בן גוריון 259, רמת גן"
אשקלון,"
פאטיו PATIO 
","חלבי, פרווה",הנשיא 3,"הנשיא 3, אשקלון"
קרית אונו,"
חוות נעמי 
","בשרי, חלבי",רפאל איתן 1,"רפאל איתן 1, קרית אונו"
גבעתיים,"
חוות נעמי 
","בשרי, חלבי",כורזין 5,"כורזין 5, גבעתיים"
גבעתיים,"
חוות נעמי 
","בשרי, חלבי",בורוכוב 54,"בורוכוב 54, גבעתיים"
הרדוף,"
גלריית קמה 
",חלבי,הרדוף,"הרדוף, הרדוף"
גבעת זאב,"
יקב אבנר 
",פרווה,הרימון,"הרימון, גבעת זאב"
בנימינה,"
לחם בורקין 
","חלבי, פרווה",המלאכה 6,"המלאכה 6, בנימינה"
קרית טבעון,"
הדר נוף טבעון 
","בשרי, חלבי",קרית טבעון,"קרית טבעון, קרית טבעון"
מזכרת בתיה,"
רובידה 
",חלבי,המייסדים 6,"המייסדים 6, מזכרת בתיה"
תל אביב,"
ארקפה 
",חלבי,יגאל אלון 94,"יגאל אלון 94, תל אביב"
ראשון לציון,"
עוגות דה לה פה 
","חלבי, פרווה",בנימין שמוטקין 47,"בנימין שמוטקין 47, ראשון לציון"
רמת גן,"
עוגות דה לה פה 
","חלבי, פרווה",תובל 26,"תובל 26, רמת גן"
תל אביב,"
עוגות דה לה פה 
","חלבי, פרווה",אבן גבירול 1,"אבן גבירול 1, תל אביב"
רחובות,"
עוגות דה לה פה 
","חלבי, פרווה",יעקב 26,"יעקב 26, רחובות"
אשדוד,"
עוגות דה לה פה 
",,"תש""ח 5","תש""ח 5, אשדוד"
בנימינה,"
משק עפאים 
",חלבי,המייסדים 6,"המייסדים 6, בנימינה"
ירושלים,"
האקליפטוס 
",בשרי,סמטת פלט 14,"סמטת פלט 14, ירושלים"
מעלה החמישה,"
קפה חממת הסחלבים 
",חלבי,קיבוץ מעלה החמישה,"קיבוץ מעלה החמישה, מעלה החמישה"
רמת גן,"
קמאקורה 
","בשרי, חלבי","אהליאב 5, מלון אינדיגו","אהליאב 5, מלון אינדיגו, רמת גן"
מושב אבן ספיר,"
בית הגלגלים 
","בשרי, חלבי",שוהם 54,"שוהם 54, מושב אבן ספיר"
משמר השבעה,"
סטייק אוף מיינד 
",בשרי,יצחק קורדובה 80,"יצחק קורדובה 80, משמר השבעה"
ירושלים,"
מטאפורה 
",חלבי,יפו 31 חצר פיינגולד,"יפו 31 חצר פיינגולד, ירושלים"
רחובות,"
חומוס בשר 
",בשרי,"המדע 8, פארק המדע","המדע 8, פארק המדע, רחובות"
תל אביב יפו,"
פלאפל בן חור המסגר 
",בשרי,המסגר 6,"המסגר 6, תל אביב יפו"
כפר סבא,"
לחם אביתר 
","חלבי, פרווה",המסגר 2,"המסגר 2, כפר סבא"
תל אביב,"
פלאפל בן חור פלורנטין 
",בשרי,וושינגטון 32,"וושינגטון 32, תל אביב"
תל אביב,"
הוק HOC 
",חלבי,יצחק אלחנן 5,"יצחק אלחנן 5, תל אביב"
תל יצחק,"
אחוזת פולג 
","בשרי, חלבי",הגפן,"הגפן, תל יצחק"
תל אביב,"
פבריציו 
",חלבי,דיזנגוף 119,"דיזנגוף 119, תל אביב"
תל אביב,"
אלגריה 
",פרווה,אבן גבירול 165,"אבן גבירול 165, תל אביב"
רעננה,"
לבריאות מטבח טבעוני 
",פרווה,אחוזה 142,"אחוזה 142, רעננה"
תל אביב,"
טייסטינג רום 
",חלבי,אליעזר קפלן 36,"אליעזר קפלן 36, תל אביב"
חולון,"
אורט חולון- תיכון מיטרני 
","חלבי, פרווה",שלום עליכם 5,"שלום עליכם 5, חולון"
בית אלפא,"
מלון אלפא אירוח 
","בשרי, חלבי",בית אלפא,"בית אלפא, בית אלפא"
נחשונים,"
אגף המזון – חדר אוכל – קיבוץ נחשונים 
",בשרי,נחשונים,"נחשונים, נחשונים"
ירושלים,"
סילו קפה 
",חלבי,בית לחם 7,"בית לחם 7, ירושלים"
קרית אונו,"
נעה עינת 
",חלבי,הנשיא 59,"הנשיא 59, קרית אונו"
באר שבע,"
מנצ'ילה 
","בשרי, חלבי",ארלוזורוב 50,"ארלוזורוב 50, באר שבע"
אשקלון,"
מאי וואי מסעדה 
",בשרי,הנשיא 4,"הנשיא 4, אשקלון"
מעגן,"
כפר הנופש מעגן עדן 
","בשרי, חלבי",ד.נ עמק הירדן,"ד.נ עמק הירדן, מעגן"
תל אביב,"
קרנף (ערוץ קשת) 
","בשרי, חלבי",ראול ולנברג 12,"ראול ולנברג 12, תל אביב"
תל אביב,"
קפה רינת 
",חלבי,אלנבי 57,"אלנבי 57, תל אביב"
ירושלים,"
זיגמונד 
",חלבי,עזה 29,"עזה 29, ירושלים"
קיבוץ משמרות,"
אלחנן תרבות לחם 
",חלבי,קיבוץ משמרות,"קיבוץ משמרות, קיבוץ משמרות"
תל אביב,"
טורטה דה לה נונה 
",חלבי,מלכי ישראל 13,"מלכי ישראל 13, תל אביב"
תל אביב,"
אילנס 
",חלבי,רוטשילד 78,"רוטשילד 78, תל אביב"
מעלה גלבוע,"
מלון אוליב בגלבוע 
","בשרי, חלבי",דרך נוף הגלבוע,"דרך נוף הגלבוע, מעלה גלבוע"
ראשון לציון,"
ארקפה 
",חלבי,קניון ראשונים,"קניון ראשונים, ראשון לציון"
רחובות,"
השדרה 
",בשרי,הרצל 203,"הרצל 203, רחובות"
רחובות,"
פלאפל לעם 
",פרווה,אחד העם,"אחד העם, רחובות"
תל אביב,"
מאמא שושה 
",חלבי,רודנסקי 5,"רודנסקי 5, תל אביב"
רחובות,"
פטיסרי צביאלי 
",חלבי,אחד העם 4,"אחד העם 4, רחובות"
תל אביב,"
דנון בית הספר למצוינות קולינרית 
",חלבי,נמל,"נמל, תל אביב"
ירושלים,"
בירתנו 
",בשרי,הלל 6,"הלל 6, ירושלים"
מבוא מודיעים,"
האורגני 
",פרווה,מבוא מודיעים,"מבוא מודיעים, מבוא מודיעים"
רעננה,"
לאנצ'בוקס אינדיה 
",חלבי,התעשייה 5,"התעשייה 5, רעננה"
יקנעם,"
מעדני בשר 
",בשרי,התעשיה 5,"התעשיה 5, יקנעם"
ירושלים,"
סושיה 
",פרווה,טרומפלדור 1,"טרומפלדור 1, ירושלים"
כפר סבא,"
פיורי חצר השוק 
",חלבי,ויצמן 125,"ויצמן 125, כפר סבא"
כפר סבא,"
מר קר בשר 
",בשרי,ויצמן 189,"ויצמן 189, כפר סבא"
אשקלון,"
מסאו 
",בשרי,הנשיא 4,"הנשיא 4, אשקלון"
ירושלים,"
מלון פעמונים 
","בשרי, חלבי",המלך ג'ורג' 4,"המלך ג'ורג' 4, ירושלים"
תל אביב,"
פיקה 
",חלבי,תושיה 6,"תושיה 6, תל אביב"
עשרת,"
בית העם גדרות 
",חלבי,הרימון 8,"הרימון 8, עשרת"
אשקלון,"
מאי וואי משלוחים 
",בשרי,הנשיא 4,"הנשיא 4, אשקלון"
באר שבע,"
מלכה פלוס סודה סטרים 
","בשרי, חלבי",צומת רהט להבים,"צומת רהט להבים, באר שבע"
אריאל,"
מלון אשל השומרון 
","בשרי, חלבי",דרך עפרון 12,"דרך עפרון 12, אריאל"
תל אביב,"
עמינדב 
",חלבי,עמינדב 17,"עמינדב 17, תל אביב"
תל אביב,"
מילק בייקרי 
",חלבי,בית אשל 5,"בית אשל 5, תל אביב"
תל אביב,"
וויסקי בר 
",בשרי,דוד אלעזר 27 (שרונה),"דוד אלעזר 27 (שרונה), תל אביב"
תל אביב,"
דוסה בר 
",פרווה,בן יהודה 188,"בן יהודה 188, תל אביב"
תל אביב,"
אסטלה 
",חלבי,הכישור 4,"הכישור 4, תל אביב"
רמת גן,"
לה קוצ'ינה 
",חלבי,ביאליק 59,"ביאליק 59, רמת גן"
ירושלים,"
קפה קרוסלה 
",חלבי,מטודלה 1 פינת עזה,"מטודלה 1 פינת עזה, ירושלים"
ירושלים,"
פסטה בסטה 
",חלבי,התות 8,"התות 8, ירושלים"
ירושלים,"
עפאים הנסן 
",חלבי,גדליהו אלון 14,"גדליהו אלון 14, ירושלים"
ירושלים,"
עפאים בית הכרם 
",חלבי,בית הכרם 19,"בית הכרם 19, ירושלים"
ירושלים,"
טחנת הקפה 
",חלבי,עמק רפאים 23,"עמק רפאים 23, ירושלים"
ירושלים,"
חוות קיימא 
",פרווה,מושב בית זית 310,"מושב בית זית 310, ירושלים"
ירושלים,"
מלון וילה בראון 
",חלבי,הנביאים 54,"הנביאים 54, ירושלים"
ירושלים,"
המקום של איציק 
",חלבי,דרך בית לחם 33,"דרך בית לחם 33, ירושלים"
ירושלים,"
ג'ורג'י 
",בשרי,המלך ג'ורג' 37,"המלך ג'ורג' 37, ירושלים"
